Trade Date,tech_data,materials_data,consumer_data,financial,healthcare,industrial,services,utilities
2015-03-23,2418.34,1010.91,1005.83,1467.14,1142.22,1007.27,1005.79,749.03
2015-03-24,2401.92,1009.46,1003.07,1458.26,1135.21,1008.52,1006.25,754.25
2015-03-25,2321.08,1009.74,1000.72,1436.69,1117.03,1009.26,1004.36,752.5
2015-03-26,2304.0,995.85,990.23,1434.47,1112.51,996.92,991.16,737.9
2015-03-27,2340.35,986.74,988.59,1430.18,1116.86,990.55,989.41,729.24
2015-03-30,2378.89,987.48,990.96,1445.45,1136.97,988.62,989.42,737.03
2015-03-31,2352.36,975.98,978.38,1439.52,1125.99,982.22,980.81,748.09
2015-04-01,2342.71,976.85,976.83,1437.83,1128.28,981.61,980.02,769.85
2015-04-02,2342.56,979.65,989.89,1446.31,1134.78,992.69,992.55,774.24
2015-04-06,2355.06,992.54,1003.34,1449.94,1155.6,1002.43,1004.54,794.67
2015-04-07,2354.05,998.23,1002.08,1444.19,1132.61,1002.86,1003.38,785.11
2015-04-08,2372.97,996.57,1000.97,1449.46,1132.82,1001.91,1008.73,787.62
2015-04-09,2393.45,993.58,1004.09,1448.11,1106.73,1000.52,1011.57,793.51
2015-04-10,2405.19,997.24,1008.33,1449.24,1105.14,1001.0,1015.44,789.5
2015-04-13,2388.12,985.82,1001.59,1451.53,1098.32,998.93,1008.75,787.22
2015-04-14,2380.41,998.28,1010.26,1453.65,1104.98,1006.93,1015.27,790.28
2015-04-15,2406.37,998.69,1009.04,1459.76,1097.78,1005.68,1009.47,799.45
2015-04-16,2398.38,999.73,1016.19,1463.46,1099.95,1008.77,1010.64,806.66
2015-04-17,2366.25,987.84,1009.61,1446.29,1093.66,998.55,1001.34,795.16
2015-04-20,2394.46,994.06,1006.69,1453.94,1096.45,999.68,998.11,796.8
2015-04-21,2407.74,999.33,1015.17,1447.76,1097.13,1007.05,1007.92,801.83
2015-04-22,2427.2,994.32,1011.86,1457.57,1094.54,1008.82,1003.18,806.04
2015-04-23,2418.66,1001.63,1016.24,1460.9,1097.28,1011.64,1004.67,814.91
2015-04-24,2409.6,1015.04,1024.5,1458.44,1098.47,1017.74,1012.0,828.7
2015-04-27,2408.55,1029.05,1030.99,1454.3,1093.93,1025.07,1018.45,837.33
2015-04-28,2414.18,1031.81,1030.36,1462.63,1093.69,1024.46,1020.4,842.56
2015-04-29,2398.84,1024.65,1022.08,1461.28,1068.35,1019.81,1018.71,836.33
2015-04-30,2370.22,1012.02,1013.13,1446.31,1045.02,1011.86,1004.78,816.74
2015-05-01,2409.84,1015.68,1011.18,1454.37,1049.26,1009.19,999.56,814.55
2015-05-04,2410.85,1022.05,1010.86,1465.92,1045.96,1009.88,1002.2,816.5
2015-05-05,2368.5,1014.37,1002.95,1454.4,1023.54,1004.62,997.49,833.12
2015-05-06,2356.29,1018.84,1008.73,1448.34,1013.4,1010.16,1001.52,844.2
2015-05-07,2373.69,1006.78,1003.13,1455.02,1024.68,1000.33,993.46,837.97
2015-05-08,2394.23,1025.69,1020.63,1473.05,1036.02,1012.97,1009.62,852.53
2015-05-11,2387.7,1028.0,1018.12,1468.78,1018.11,1013.94,1015.11,848.83
2015-05-12,2372.92,1029.05,1014.57,1465.31,1020.04,1013.67,1013.5,844.82
2015-05-13,2385.79,1037.71,1020.84,1465.0,1006.28,1024.03,1021.81,839.8
2015-05-14,2420.23,1040.37,1027.29,1478.56,1023.63,1028.78,1023.08,848.34
2015-05-15,2412.26,1042.53,1030.34,1472.95,1036.28,1032.29,1034.43,858.9
2015-05-18,2425.36,1034.19,1032.51,1478.67,1035.14,1030.06,1030.24,844.8
2015-05-19,2412.82,1020.01,1033.78,1485.39,1034.06,1024.04,1025.21,832.89
2015-05-20,2416.38,1018.04,1034.28,1480.53,1031.76,1023.76,1025.67,826.59
2015-05-21,2421.41,1022.92,1037.03,1477.84,1026.08,1029.7,1028.85,824.58
2015-05-22,2427.45,1017.08,1029.35,1474.93,1023.74,1024.94,1021.47,813.23
2015-05-26,2399.01,999.26,1016.06,1460.52,1017.89,1012.17,1010.05,793.2
2015-05-27,2456.23,1002.49,1021.32,1472.21,1024.17,1018.28,1010.43,793.77
2015-05-28,2458.68,998.35,1022.28,1470.69,1017.75,1016.38,1007.41,786.28
2015-05-29,2449.37,992.23,1013.43,1458.16,1009.06,1009.37,1000.0,777.5
2015-06-01,2460.12,986.48,1009.65,1461.04,1019.26,1006.93,995.36,782.46
2015-06-02,2448.22,997.47,1011.81,1464.21,1011.54,1014.56,1000.47,786.09
2015-06-03,2446.51,1005.71,1016.65,1472.09,994.93,1021.2,1006.03,786.26
2015-06-04,2424.85,992.34,1012.28,1460.72,996.84,1016.58,998.22,778.72
2015-06-05,2426.43,973.99,990.3,1465.78,977.01,998.56,984.82,770.03
2015-06-08,2391.11,970.23,991.57,1456.97,981.2,997.5,983.22,772.79
2015-06-09,2384.79,970.54,988.82,1461.92,969.67,994.55,982.17,774.33
2015-06-10,2418.52,990.79,1006.93,1482.35,978.95,1010.63,997.08,780.99
2015-06-11,2419.08,988.56,1010.56,1485.51,983.61,1008.51,1001.21,765.49
2015-06-12,2400.46,982.9,1008.02,1480.1,981.89,1008.17,999.14,767.24
2015-06-15,2385.13,971.97,997.39,1474.05,974.02,996.56,992.81,763.81
2015-06-16,2394.76,969.92,1001.84,1481.94,982.56,995.77,993.27,762.99
2015-06-17,2399.09,965.61,995.29,1479.75,988.17,988.74,988.61,761.74
2015-06-18,2428.04,983.56,1004.27,1494.34,998.55,996.92,998.99,775.26
2015-06-19,2414.77,977.86,1005.91,1481.51,996.15,1000.82,1001.66,759.99
2015-06-22,2431.1,994.68,1023.71,1490.97,985.51,1014.11,1015.65,769.76
2015-06-23,2423.35,993.51,1023.49,1495.01,974.18,1012.77,1017.04,758.78
2015-06-24,2403.15,989.14,1019.33,1484.0,964.91,1008.77,1012.55,751.11
2015-06-25,2394.83,985.39,1017.72,1476.38,953.09,1006.03,1012.33,737.34
2015-06-26,2355.89,976.28,1014.19,1480.2,961.19,998.81,1007.54,741.46
2015-06-29,2299.47,956.95,993.21,1444.91,955.72,980.2,988.08,735.6
2015-06-30,2298.79,947.0,984.5,1448.71,952.46,975.59,985.8,742.22
2015-07-01,2307.6,947.67,991.55,1464.31,963.16,982.33,993.49,732.32
2015-07-02,2311.27,946.58,990.58,1459.73,964.65,980.2,995.17,741.07
2015-07-06,2286.32,926.95,977.32,1456.98,971.23,962.87,979.09,730.01
2015-07-07,2289.7,903.03,966.28,1457.35,989.63,949.02,971.82,721.89
2015-07-08,2249.94,899.23,962.8,1436.07,990.99,944.06,965.41,713.85
2015-07-09,2241.22,909.46,973.64,1442.46,984.88,951.24,972.78,717.29
2015-07-10,2266.21,926.47,989.55,1460.19,991.68,962.25,984.97,734.76
2015-07-13,2294.04,931.7,994.62,1472.55,991.94,967.22,997.48,739.61
2015-07-14,2312.03,938.98,1001.65,1477.83,988.93,975.75,1007.23,754.06
2015-07-15,2303.06,935.94,1000.5,1484.2,984.06,972.27,1009.45,752.32
2015-07-16,2309.52,939.23,1008.48,1496.51,989.59,982.65,1016.7,754.85
2015-07-17,2321.69,932.02,1007.43,1492.22,985.42,980.08,1017.02,738.1
2015-07-20,2314.05,924.2,1008.98,1494.09,988.59,983.18,1016.62,733.79
2015-07-21,2317.47,925.14,1011.26,1491.04,984.79,983.54,1020.96,734.26
2015-07-22,2294.61,908.15,1002.28,1497.92,991.28,971.86,1014.3,728.84
2015-07-23,2311.6,902.75,1006.39,1484.87,981.37,972.16,1019.75,708.6
2015-07-24,2280.63,890.56,999.76,1475.11,990.48,964.26,1012.36,692.4
2015-07-27,2257.47,880.58,990.74,1463.58,996.0,955.66,1002.72,683.91
2015-07-28,2279.94,882.2,991.28,1470.53,995.9,954.81,1003.29,678.73
2015-07-29,2295.18,892.86,1000.13,1485.63,1004.13,956.78,1013.01,686.3
2015-07-30,2312.18,889.9,995.13,1486.31,996.8,958.6,1009.19,684.23
2015-07-31,2298.79,901.7,1006.2,1483.04,1007.06,973.3,1020.63,692.5
2015-08-03,2297.1,893.7,1010.34,1483.35,1012.35,972.31,1021.22,681.92
2015-08-04,2288.8,893.11,1010.4,1481.17,1006.5,968.35,1029.73,679.55
2015-08-05,2313.84,898.7,1009.62,1482.94,993.27,967.79,1024.89,671.55
2015-08-06,2285.47,900.29,1011.63,1475.84,987.95,969.04,1019.77,659.78
2015-08-07,2293.38,899.84,1010.66,1475.96,987.87,969.59,1011.86,657.62
2015-08-10,2334.93,911.23,1017.42,1489.85,978.31,975.94,1022.21,659.63
2015-08-11,2292.69,898.57,1005.37,1477.81,986.23,969.75,1012.93,652.03
2015-08-12,2296.87,888.7,987.8,1468.85,994.42,959.25,1003.87,653.56
2015-08-13,2283.89,885.5,990.9,1470.3,992.87,962.8,1006.42,645.34
2015-08-14,2288.66,882.48,991.26,1480.58,1000.6,960.67,1008.38,646.47
2015-08-17,2305.49,882.35,990.95,1482.96,1014.5,960.7,1009.7,642.68
2015-08-18,2281.26,877.74,988.71,1482.07,1015.42,958.66,1005.69,640.44
2015-08-19,2258.73,860.76,975.9,1469.3,1014.8,943.4,994.0,633.11
2015-08-20,2191.24,857.89,963.68,1441.18,1015.87,935.22,987.73,633.88
2015-08-21,2122.37,841.09,944.22,1401.15,999.04,918.38,968.9,618.25
2015-08-24,2050.42,806.0,917.63,1339.18,954.73,895.16,939.23,586.93
2015-08-25,2023.12,812.32,919.66,1321.37,923.73,891.47,940.15,593.57
2015-08-26,2116.19,801.82,921.76,1366.62,940.45,897.88,943.22,590.44
2015-08-27,2178.75,819.76,929.67,1399.37,951.99,905.22,952.88,618.32
2015-08-28,2181.72,836.4,942.05,1396.77,948.29,919.75,959.45,617.98
2015-08-31,2168.15,829.51,937.16,1385.6,927.37,914.43,953.12,610.07
2015-09-01,2102.66,806.18,915.73,1342.95,911.32,896.83,930.54,593.71
2015-09-02,2145.22,800.6,913.4,1358.95,917.63,891.02,929.56,589.33
2015-09-03,2152.79,809.5,922.19,1367.26,915.45,897.22,934.06,597.47
2015-09-04,2118.1,790.58,905.74,1343.1,894.09,881.87,920.97,584.4
2015-09-08,2191.14,808.22,911.62,1373.65,905.71,886.81,924.45,581.37
2015-09-09,2161.58,821.07,936.96,1357.65,894.87,906.35,944.22,584.63
2015-09-10,2175.48,810.5,926.72,1362.66,893.49,901.32,934.68,579.26
2015-09-11,2181.19,808.14,923.74,1367.8,903.25,898.76,934.16,582.32
2015-09-14,2178.47,806.0,921.03,1365.16,912.07,893.39,931.91,589.23
2015-09-15,2203.08,805.81,928.68,1381.99,920.97,894.36,931.19,592.44
2015-09-16,2216.64,819.16,951.37,1393.32,931.71,905.63,943.82,609.53
2015-09-17,2200.97,818.84,957.9,1380.62,950.62,909.17,945.71,606.66
2015-09-18,2166.47,807.24,949.02,1358.09,959.68,897.68,943.8,595.77
2015-09-21,2173.36,796.53,936.86,1372.24,969.31,890.33,936.97,585.74
2015-09-22,2131.09,772.21,917.61,1354.02,961.97,875.74,920.52,569.87
2015-09-23,2122.13,767.85,915.68,1356.07,978.14,871.41,918.55,556.21
2015-09-24,2119.8,763.19,907.64,1346.79,969.43,858.01,916.16,548.36
2015-09-25,2118.4,768.54,918.96,1361.21,972.18,863.11,925.79,567.46
2015-09-28,2067.89,748.95,910.37,1329.05,946.74,855.38,923.91,553.13
2015-09-29,2070.7,740.96,893.04,1334.17,955.79,840.86,907.2,548.76
2015-09-30,2134.81,757.45,917.13,1351.89,956.82,855.23,927.88,572.19
2015-10-01,2121.32,760.73,923.11,1355.79,955.74,865.33,934.62,572.46
2015-10-02,2162.56,771.71,931.23,1355.07,964.66,870.78,941.46,583.09
2015-10-05,2206.21,792.77,941.88,1384.35,983.59,887.45,957.37,595.42
2015-10-06,2212.49,803.95,950.5,1380.37,982.93,895.89,965.0,602.86
2015-10-07,2229.87,819.96,958.64,1394.76,993.54,904.52,965.71,610.47
2015-10-08,2246.05,824.06,961.73,1402.84,1005.47,906.8,963.77,608.51
2015-10-09,2253.32,846.17,974.92,1397.58,1000.63,923.22,968.08,621.96
2015-10-12,2256.49,844.33,979.9,1401.14,1001.7,921.72,968.43,617.79
2015-10-13,2236.21,832.3,975.92,1392.09,994.45,912.77,964.04,610.17
2015-10-14,2266.61,830.5,970.9,1377.66,979.02,905.49,960.82,599.2
2015-10-15,2277.36,839.86,985.15,1404.62,986.98,915.59,974.06,603.72
2015-10-16,2283.21,836.66,984.02,1410.3,1000.3,911.94,975.1,607.57
2015-10-19,2287.66,825.73,982.31,1412.45,1010.6,905.58,974.64,605.89
2015-10-20,2278.92,823.92,980.33,1419.43,1008.91,906.72,975.59,609.58
2015-10-21,2269.33,828.72,987.67,1406.44,1010.76,917.33,976.11,599.32
2015-10-22,2335.42,832.77,988.25,1427.94,1014.97,913.7,970.15,607.89
2015-10-23,2370.44,845.32,998.77,1440.22,990.11,926.41,980.45,612.0
2015-10-26,2353.61,844.6,999.2,1436.8,985.24,928.64,981.33,609.22
2015-10-27,2355.51,830.59,994.75,1427.07,985.91,917.56,976.95,605.09
2015-10-28,2374.55,835.64,1001.64,1458.55,981.03,922.53,979.0,605.29
2015-10-29,2332.84,823.58,994.98,1452.55,978.63,917.59,972.14,595.87
2015-10-30,2346.66,826.95,1004.51,1433.42,960.82,925.93,978.93,603.61
2015-11-02,2366.45,826.84,998.48,1451.79,967.7,923.27,970.96,602.49
2015-11-03,2374.49,829.98,995.35,1452.1,954.14,921.67,970.83,624.26
2015-11-04,2371.52,827.41,995.05,1447.78,949.61,924.2,971.72,625.35
2015-11-05,2361.53,821.48,997.73,1454.83,951.43,922.2,971.86,624.75
2015-11-06,2389.7,809.98,985.19,1464.05,911.09,919.29,964.15,609.96
2015-11-09,2362.5,804.0,981.56,1447.56,891.73,918.93,959.77,608.69
2015-11-10,2342.38,797.53,979.27,1454.38,897.31,913.22,955.99,609.4
2015-11-11,2336.47,801.73,988.59,1451.78,893.94,918.43,964.17,617.17
2015-11-12,2310.09,790.59,982.01,1428.15,892.55,912.42,958.53,610.68
2015-11-13,2270.37,785.03,971.77,1415.43,885.43,903.92,948.96,603.5
2015-11-16,2301.11,782.58,967.46,1432.32,896.94,901.16,942.28,598.11
2015-11-17,2305.08,792.48,978.74,1431.42,892.78,915.39,954.68,599.74
2015-11-18,2330.7,790.54,979.09,1453.23,903.46,914.43,953.27,603.12
2015-11-19,2335.84,807.18,991.84,1455.92,913.82,928.16,968.51,614.22
2015-11-20,2345.33,804.77,992.82,1458.57,927.14,928.96,968.34,621.17
2015-11-23,2332.76,798.24,988.43,1454.69,935.91,925.38,961.62,614.76
2015-11-24,2346.76,795.92,985.94,1451.98,934.7,922.66,956.1,615.75
2015-11-25,2344.42,797.4,989.77,1452.85,938.71,923.78,960.46,600.33
2015-11-27,2353.62,793.01,994.34,1457.61,948.52,926.71,962.38,592.0
2015-11-30,2373.34,793.89,989.27,1454.6,947.2,928.62,959.68,568.3
2015-12-01,2401.47,795.57,997.45,1469.54,960.85,934.55,968.81,574.12
2015-12-02,2383.61,786.29,994.62,1452.11,942.5,928.37,967.16,568.46
2015-12-03,2355.12,779.8,990.53,1429.94,930.96,926.46,964.1,581.44
2015-12-04,2398.95,777.98,985.39,1461.74,942.75,920.83,960.29,576.63
2015-12-07,2380.51,774.66,990.06,1445.61,947.26,923.03,962.94,570.52
2015-12-08,2379.58,755.18,977.93,1427.51,948.4,908.99,951.04,565.59
2015-12-09,2343.0,757.78,978.95,1413.25,944.81,910.12,948.47,582.44
2015-12-10,2352.43,758.75,975.13,1413.44,936.5,906.04,942.46,575.45
2015-12-11,2302.67,750.29,969.0,1383.63,940.87,901.55,936.58,560.27
2015-12-14,2297.39,735.68,957.0,1383.32,941.71,890.17,929.32,551.06
2015-12-15,2327.79,736.45,958.66,1412.28,950.02,886.71,931.15,555.47
2015-12-16,2352.25,748.55,973.17,1433.86,968.7,897.43,939.4,556.89
2015-12-17,2312.91,746.21,976.53,1414.68,963.99,898.41,941.79,569.94
2015-12-18,2274.48,743.44,967.04,1384.89,951.64,890.72,936.81,562.91
2015-12-21,2305.29,742.81,964.61,1394.79,956.05,889.37,937.79,553.08
2015-12-22,2319.28,748.27,967.34,1405.05,962.65,892.18,942.03,554.66
2015-12-23,2336.45,764.34,976.64,1422.38,974.22,899.21,949.42,567.98
2015-12-24,2339.17,774.09,980.22,1423.21,975.23,904.1,951.72,569.32
2015-12-28,2335.38,773.33,977.31,1421.09,982.26,903.13,950.3,571.38
2015-12-29,2365.65,775.11,983.74,1433.9,993.11,909.74,959.05,570.61
2015-12-30,2345.7,768.35,983.55,1422.41,992.37,908.04,960.92,559.8
2015-12-31,2312.47,764.86,977.93,1407.83,986.09,904.0,955.0,563.24
2016-01-04,2277.96,746.08,950.39,1380.55,986.79,882.5,931.45,537.76
2016-01-05,2271.02,742.12,945.84,1385.95,1008.37,878.04,929.32,544.46
2016-01-06,2223.15,730.97,935.85,1365.86,998.07,868.65,922.81,539.56
2016-01-07,2153.62,715.04,921.59,1330.17,977.11,852.32,911.5,521.12
2016-01-08,2123.67,709.34,918.48,1310.72,976.23,850.1,907.72,519.01
2016-01-11,2119.08,698.09,915.66,1314.86,984.4,846.05,903.6,515.52
2016-01-12,2145.7,690.46,912.4,1318.97,973.97,836.58,895.45,516.16
2016-01-13,2078.35,697.43,924.12,1285.77,958.07,848.03,904.69,523.44
2016-01-14,2119.1,689.13,902.68,1296.44,956.96,832.12,887.65,524.9
2016-01-15,2039.41,679.17,898.71,1266.61,956.93,823.41,883.91,510.62
2016-01-19,2032.66,674.79,905.64,1264.2,972.46,823.63,879.38,509.82
2016-01-20,2029.81,656.37,882.54,1239.86,937.51,800.11,857.57,501.64
2016-01-21,2039.08,662.86,877.02,1242.05,950.86,797.38,855.33,503.75
2016-01-22,2082.96,682.8,905.99,1269.94,982.2,825.79,886.92,523.45
2016-01-25,2044.64,682.36,910.94,1240.57,972.11,825.8,889.71,520.38
2016-01-26,2073.49,685.51,907.2,1263.77,981.63,824.62,887.74,518.49
2016-01-27,2036.81,689.93,921.6,1258.74,939.76,833.3,896.89,530.15
2016-01-28,2053.45,687.07,917.45,1261.81,928.77,828.43,898.63,542.42
2016-01-29,2137.58,691.74,931.41,1298.38,952.11,834.74,908.64,564.25
2016-02-01,2145.44,696.23,945.09,1291.97,956.75,844.79,920.54,570.7
2016-02-02,2080.49,679.24,938.73,1261.58,947.73,831.79,915.7,551.12
2016-02-03,2092.02,684.27,933.66,1264.87,967.56,824.07,916.52,558.96
2016-02-04,2111.44,710.81,929.7,1275.62,967.07,835.13,916.0,578.74
2016-02-05,2037.17,709.97,919.42,1256.12,960.26,830.62,901.75,575.02
2016-02-08,1979.72,705.55,911.84,1222.93,925.99,816.77,889.56,572.62
2016-02-09,1960.23,692.09,899.7,1218.66,854.44,804.97,885.1,572.88
2016-02-10,1977.0,687.82,894.75,1214.63,848.8,801.46,878.44,574.8
2016-02-11,1970.32,685.7,890.05,1182.75,831.65,795.71,874.35,563.12
2016-02-12,2012.88,686.71,877.01,1225.29,835.55,786.77,863.34,565.4
2016-02-16,2071.04,701.44,905.5,1247.63,856.22,819.72,887.26,568.33
2016-02-17,2116.24,715.55,910.87,1265.55,864.0,831.22,896.49,585.17
2016-02-18,2108.31,728.8,915.62,1260.03,883.06,843.68,904.81,588.48
2016-02-19,2120.29,721.98,910.31,1260.49,890.92,836.49,902.58,580.06
2016-02-22,2153.58,734.24,913.32,1277.45,902.36,843.99,909.58,598.5
2016-02-23,2110.59,729.01,909.34,1256.4,903.76,840.7,903.2,588.61
2016-02-24,2134.94,712.02,899.21,1253.38,912.04,829.5,894.96,582.12
2016-02-25,2157.55,717.82,905.43,1272.4,933.31,837.84,905.7,592.03
2016-02-26,2165.36,718.87,902.55,1279.54,936.81,838.28,906.46,586.02
2016-02-29,2153.02,720.89,904.1,1269.19,939.29,839.83,906.15,588.26
2016-03-01,2220.51,726.91,911.85,1310.81,965.45,844.44,915.99,598.77
2016-03-02,2227.14,742.84,921.17,1319.64,975.63,856.15,921.3,611.54
2016-03-03,2228.35,757.06,928.33,1329.08,972.21,870.48,924.69,630.61
2016-03-04,2240.8,773.3,938.3,1334.75,974.31,884.02,930.13,644.86
2016-03-07,2248.2,783.44,932.84,1335.42,984.05,882.7,925.67,640.53
2016-03-08,2206.1,768.12,928.88,1315.21,970.09,878.66,923.9,639.01
2016-03-09,2230.27,765.79,927.5,1318.68,976.96,874.45,924.17,649.98
2016-03-10,2231.83,763.6,931.23,1316.77,966.0,873.74,923.14,654.7
2016-03-11,2277.37,777.45,943.93,1349.1,991.97,888.11,936.21,663.41
2016-03-14,2269.1,782.09,949.39,1343.85,994.94,893.52,942.55,657.47
2016-03-15,2260.58,771.58,944.92,1341.0,988.58,887.91,937.87,639.09
2016-03-16,2284.79,771.14,941.49,1341.64,996.53,882.3,935.0,634.38
2016-03-17,2297.19,797.41,959.37,1362.86,1013.18,905.29,955.35,676.9
2016-03-18,2323.84,800.29,958.19,1372.16,1010.03,906.35,952.7,681.15
2016-03-21,2330.33,799.11,954.25,1369.44,999.13,901.63,947.84,683.33
2016-03-22,2338.42,799.14,957.58,1365.32,1000.2,906.98,948.46,685.71
2016-03-23,2302.33,784.84,956.85,1354.24,994.83,898.32,944.61,668.98
2016-03-24,2297.85,773.77,947.18,1346.17,994.07,887.11,938.04,664.91
2016-03-28,2294.6,779.49,956.02,1351.65,1004.98,894.5,944.46,677.21
2016-03-29,2324.42,778.47,959.14,1358.18,1031.49,895.37,946.61,679.16
2016-03-30,2337.86,797.1,975.04,1368.97,1019.82,912.44,963.73,692.65
2016-03-31,2342.09,793.36,969.24,1367.55,1028.54,908.78,956.56,692.86
2016-04-01,2353.0,776.68,946.52,1373.83,1025.23,888.85,939.27,690.71
2016-04-04,2338.45,779.24,953.18,1367.11,1029.41,894.51,947.34,677.89
2016-04-05,2310.69,762.97,938.39,1348.85,1028.12,877.73,930.6,665.86
2016-04-06,2339.1,766.34,943.84,1355.77,1021.94,880.88,935.53,653.72
2016-04-07,2302.9,765.77,944.52,1332.68,1022.3,882.76,939.67,650.82
2016-04-08,2308.79,779.26,949.12,1341.35,1030.89,895.01,945.2,669.89
2016-04-11,2305.32,793.75,947.33,1345.02,1034.88,898.96,950.09,678.75
2016-04-12,2304.56,804.08,948.86,1362.11,1040.77,902.05,946.95,692.84
2016-04-13,2347.68,824.08,959.83,1389.32,1042.56,916.27,952.73,696.91
2016-04-14,2323.55,830.19,968.9,1392.05,1039.99,926.62,960.45,696.06
2016-04-15,2307.07,832.16,968.44,1389.65,1044.17,924.58,961.97,697.7
2016-04-18,2319.27,833.0,964.3,1398.57,1049.53,919.55,957.84,692.41
2016-04-19,2302.91,862.09,986.07,1412.54,1055.2,938.51,973.92,704.78
2016-04-20,2315.28,868.13,985.0,1421.65,1031.19,940.6,972.48,700.49
2016-04-21,2310.39,871.17,982.76,1407.95,996.28,943.68,966.62,700.48
2016-04-22,2294.29,860.74,968.58,1419.34,1016.15,937.36,956.47,629.19
2016-04-25,2293.73,853.12,971.6,1415.81,1027.2,936.79,956.15,634.43
2016-04-26,2313.2,848.94,971.92,1425.31,1037.94,933.6,956.37,635.38
2016-04-27,2323.14,849.69,972.26,1426.89,1037.92,933.56,952.81,643.04
2016-04-28,2279.43,860.25,971.11,1414.51,1034.21,934.11,954.56,659.01
2016-04-29,2231.13,869.64,969.53,1407.23,1027.7,935.01,955.64,660.76
2016-05-02,2235.43,864.15,965.64,1420.14,1042.08,926.74,951.72,652.14
2016-05-03,2207.35,845.18,960.88,1399.83,1053.64,920.03,944.78,637.61
2016-05-04,2190.07,821.87,952.92,1390.31,1077.73,912.83,934.56,644.01
2016-05-05,2190.78,821.84,950.78,1389.32,1068.79,909.01,932.8,640.36
2016-05-06,2197.83,825.1,955.21,1394.56,1075.92,908.91,933.44,642.51
2016-05-09,2196.94,804.97,957.44,1393.72,1094.17,904.4,935.68,636.61
2016-05-10,2226.88,813.57,967.55,1410.57,1074.55,912.11,942.48,653.97
2016-05-11,2210.87,822.81,967.42,1397.22,1053.54,917.49,939.32,655.29
2016-05-12,2196.29,813.51,964.44,1400.28,1061.36,914.85,938.45,657.11
2016-05-13,2202.97,806.69,954.77,1383.7,1058.42,903.78,928.47,642.94
2016-05-16,2236.96,815.76,956.44,1392.98,1066.73,909.64,930.66,639.2
2016-05-17,2224.52,825.21,955.73,1381.51,1047.77,914.75,935.08,635.81
2016-05-18,2246.72,813.25,951.42,1401.37,1025.58,913.1,934.06,622.09
2016-05-19,2236.24,792.86,940.66,1386.25,1015.88,901.55,923.31,608.68
2016-05-20,2282.83,798.92,946.16,1396.77,1022.18,907.7,931.49,617.97
2016-05-23,2288.61,793.37,945.16,1394.61,1023.4,908.73,928.81,612.98
2016-05-24,2348.6,790.88,949.13,1417.54,1034.89,909.91,934.71,617.29
2016-05-25,2354.59,799.65,958.59,1429.15,1034.1,915.79,938.5,610.98
2016-05-26,2364.43,805.81,966.85,1424.43,1038.22,921.27,942.42,612.52
2016-05-27,2382.71,800.29,965.71,1433.61,1045.26,922.46,942.43,611.76
2016-05-31,2392.01,800.34,968.35,1427.92,1045.2,925.42,943.82,608.55
2016-06-01,2393.63,796.02,968.3,1431.58,1049.61,923.05,938.16,607.16
2016-06-02,2397.88,794.98,967.43,1435.04,1055.52,918.2,936.94,610.43
2016-06-03,2384.06,815.01,979.9,1422.09,1071.06,926.87,950.4,624.34
2016-06-06,2383.75,829.47,980.81,1430.25,1062.18,926.96,951.04,629.24
2016-06-07,2396.7,838.99,990.73,1429.24,1074.04,937.84,956.82,635.47
2016-06-08,2398.69,846.71,995.39,1434.88,1081.93,941.45,960.47,653.8
2016-06-09,2395.11,836.79,985.24,1424.89,1086.86,931.03,951.44,649.29
2016-06-10,2354.25,819.01,968.82,1408.27,1086.09,915.17,932.33,634.73
2016-06-13,2343.4,808.85,947.38,1395.89,1089.44,895.33,916.64,640.11
2016-06-14,2347.53,790.83,933.01,1377.45,1083.04,881.3,899.89,627.98
2016-06-15,2344.54,802.32,941.67,1377.6,1090.43,887.78,907.09,633.75
2016-06-16,2351.66,789.46,932.1,1379.44,1095.22,872.61,895.44,635.7
2016-06-17,2333.73,802.06,941.25,1379.49,1099.22,887.63,905.79,647.91
2016-06-20,2361.17,828.31,971.34,1389.15,1091.88,918.95,936.37,659.8
2016-06-21,2376.48,823.1,977.04,1394.99,1095.37,919.98,938.56,666.97
2016-06-22,2368.64,824.0,975.58,1392.56,1078.92,919.2,937.7,668.96
2016-06-23,2426.05,839.41,985.06,1419.53,1085.58,933.75,947.41,685.73
2016-06-24,2302.94,795.72,929.17,1353.29,1089.58,872.85,886.82,669.87
2016-06-27,2217.97,776.73,912.41,1316.14,1099.99,840.46,866.23,661.48
2016-06-28,2274.04,783.12,922.54,1345.07,1120.46,852.33,878.71,684.01
2016-06-29,2327.82,805.92,944.5,1373.34,1123.97,876.52,900.12,708.16
2016-06-30,2367.31,815.3,953.78,1388.81,1128.27,884.62,903.3,715.74
2016-07-01,2350.32,827.56,965.27,1384.81,1132.13,891.86,910.7,708.14
2016-07-05,2317.21,830.92,958.79,1368.92,1138.24,878.02,900.08,708.78
2016-07-06,2329.45,819.64,943.84,1370.14,1136.06,864.43,889.42,696.75
2016-07-07,2351.78,820.44,951.37,1371.84,1118.93,869.76,894.65,697.92
2016-07-08,2399.4,826.97,951.76,1393.05,1136.42,873.37,895.92,713.63
2016-07-11,2420.06,848.75,967.62,1402.05,1147.03,892.72,910.34,731.1
2016-07-12,2461.75,856.25,972.1,1418.87,1141.0,901.56,919.18,735.78
2016-07-13,2463.96,866.28,978.31,1420.59,1150.92,910.4,923.04,728.56
2016-07-14,2474.66,872.13,982.55,1430.32,1138.35,915.25,924.91,748.37
2016-07-15,2467.95,870.4,982.49,1429.69,1147.89,912.93,918.32,744.14
2016-07-18,2490.51,870.76,983.31,1432.66,1158.04,912.87,921.05,752.37
2016-07-19,2480.79,857.48,980.27,1434.2,1169.57,913.09,919.53,754.55
2016-07-20,2512.68,846.13,983.09,1437.51,1170.51,918.13,925.78,754.98
2016-07-21,2496.5,854.18,986.7,1431.86,1175.25,922.27,924.21,758.13
2016-07-22,2511.71,848.72,981.86,1439.83,1186.87,916.12,916.83,760.69
2016-07-25,2519.46,846.15,980.98,1435.29,1183.52,921.2,922.87,758.71
2016-07-26,2577.53,853.42,983.66,1436.91,1171.66,922.0,924.34,752.78
2016-07-27,2563.96,866.32,986.17,1434.69,1165.58,928.48,925.08,750.58
2016-07-28,2565.56,869.9,987.29,1439.79,1180.73,932.04,924.58,755.12
2016-07-29,2546.0,883.0,1006.94,1439.99,1195.33,945.84,941.45,768.92
2016-08-01,2549.33,881.8,1004.14,1436.64,1199.72,940.76,937.44,753.28
2016-08-02,2510.43,879.73,1000.07,1424.26,1181.28,936.15,935.68,750.35
2016-08-03,2523.89,871.99,985.19,1434.09,1176.99,925.19,924.29,747.55
2016-08-04,2541.6,878.0,990.4,1431.54,1180.3,934.46,924.34,766.31
2016-08-05,2579.49,879.13,994.88,1452.86,1169.97,933.27,924.64,773.0
2016-08-08,2576.27,889.44,996.07,1454.24,1171.76,942.87,926.81,774.96
2016-08-09,2581.97,903.03,1007.19,1457.39,1186.99,955.28,935.83,777.25
2016-08-10,2570.48,905.4,1010.3,1449.37,1195.48,960.97,940.99,777.08
2016-08-11,2589.61,907.34,1019.74,1450.34,1182.01,966.61,944.29,791.52
2016-08-12,2604.88,907.13,1021.9,1448.96,1192.03,971.38,950.69,781.62
2016-08-15,2633.1,903.8,1021.51,1456.79,1190.01,970.66,947.73,787.92
2016-08-16,2622.64,910.08,1019.1,1450.82,1174.92,965.83,943.29,783.72
2016-08-17,2617.62,906.72,1018.46,1455.31,1183.1,966.53,941.48,775.02
2016-08-18,2644.04,915.41,1021.74,1455.69,1182.93,971.86,945.91,770.59
2016-08-19,2665.59,911.05,1020.18,1453.38,1173.64,971.39,938.51,767.63
2016-08-22,2660.8,906.02,1019.79,1454.97,1180.09,972.85,944.4,756.9
2016-08-23,2675.95,909.8,1022.7,1459.04,1189.4,975.74,952.29,754.38
2016-08-24,2652.18,897.82,1019.37,1455.89,1180.72,974.39,952.56,748.63
2016-08-25,2662.22,893.68,1017.68,1460.03,1187.51,971.25,947.93,751.25
2016-08-26,2687.36,900.21,1014.35,1460.96,1167.07,971.53,944.6,759.74
2016-08-29,2694.05,893.46,1009.68,1471.02,1182.96,966.41,930.79,759.81
2016-08-30,2686.07,886.76,1009.16,1480.17,1186.99,965.04,926.43,754.44
2016-08-31,2678.9,878.39,1005.44,1479.57,1183.65,964.87,923.5,753.53
2016-09-01,2696.02,882.26,1010.22,1475.8,1177.83,969.63,934.82,749.4
2016-09-02,2700.52,889.61,1020.87,1485.2,1190.45,972.23,941.26,764.13
2016-09-06,2716.49,908.29,1036.0,1485.1,1210.87,987.05,957.18,770.4
2016-09-07,2721.36,912.26,1038.31,1486.9,1219.92,991.21,959.8,780.27
2016-09-08,2708.06,904.02,1036.28,1484.33,1202.66,988.83,958.18,781.34
2016-09-09,2631.35,887.06,1016.43,1455.44,1140.02,972.91,940.94,742.94
2016-09-12,2678.85,873.5,1005.16,1468.97,1149.76,962.02,932.4,735.55
2016-09-13,2651.37,866.27,1004.51,1442.98,1114.92,957.93,927.96,720.58
2016-09-14,2663.74,864.32,999.49,1438.08,1117.7,955.33,925.62,716.83
2016-09-15,2710.77,866.53,1000.39,1449.73,1120.5,958.15,928.44,725.9
2016-09-16,2704.1,858.95,992.2,1438.39,1122.07,954.45,929.41,719.2
2016-09-19,2704.79,869.28,1001.47,1446.59,1132.23,962.3,936.03,730.0
2016-09-20,2697.46,870.18,1005.89,1447.47,1134.19,960.65,935.21,738.88
2016-09-21,2746.05,886.1,1016.22,1458.73,1152.03,971.57,945.32,741.05
2016-09-22,2754.39,905.78,1034.12,1471.69,1175.69,986.78,956.42,752.91
2016-09-23,2730.38,899.55,1025.51,1462.72,1182.55,982.08,952.37,745.92
2016-09-26,2709.64,893.62,1018.88,1446.24,1190.08,973.27,943.11,738.61
2016-09-27,2749.86,891.29,1024.56,1450.64,1171.13,974.02,946.13,733.88
2016-09-28,2753.07,894.41,1021.81,1458.68,1187.57,973.74,945.69,740.4
2016-09-29,2754.83,907.4,1021.6,1442.51,1173.09,977.88,946.16,736.69
2016-09-30,2775.07,901.54,1018.2,1453.76,1157.58,975.79,942.04,723.88
2016-10-03,2770.52,902.16,1019.45,1444.88,1143.39,976.22,945.28,733.94
2016-10-04,2769.48,894.59,1021.57,1443.13,1120.12,977.16,943.31,730.72
2016-10-05,2789.11,892.05,1016.91,1452.32,1095.04,975.99,939.08,732.12
2016-10-06,2791.91,887.49,1014.75,1452.0,1091.67,974.56,933.85,734.45
2016-10-07,2784.17,887.67,1010.33,1451.11,1089.08,973.1,922.21,738.14
2016-10-10,2788.38,893.35,1010.16,1459.38,1095.64,974.66,922.8,744.87
2016-10-11,2733.55,884.55,999.57,1444.89,1085.4,967.55,916.94,741.64
2016-10-12,2729.68,880.88,989.92,1449.53,1093.5,960.05,911.25,747.04
2016-10-13,2711.57,874.63,989.27,1440.91,1102.62,957.66,909.58,748.63
2016-10-14,2718.55,876.25,992.24,1446.15,1098.54,961.62,914.73,751.6
2016-10-17,2708.66,875.67,988.82,1442.82,1099.23,961.38,908.98,756.3
2016-10-18,2736.22,890.65,994.08,1452.37,1111.42,969.31,919.24,765.69
2016-10-19,2734.69,897.98,998.2,1464.08,1111.68,973.31,927.44,767.69
2016-10-20,2742.72,895.12,997.24,1459.64,1113.1,969.67,924.66,770.13
2016-10-21,2739.02,894.79,988.1,1458.57,1105.99,966.09,920.88,775.04
2016-10-24,2778.59,895.24,988.14,1464.2,1113.86,967.56,920.13,782.39
2016-10-25,2769.11,903.41,986.44,1459.95,1109.74,964.3,916.34,788.27
2016-10-26,2774.6,900.34,986.5,1460.99,1090.51,964.64,918.2,789.44
2016-10-27,2770.94,893.53,984.12,1455.47,1058.74,955.76,913.01,784.33
2016-10-28,2769.88,899.03,986.68,1452.4,1061.25,956.91,913.95,781.87
2016-10-31,2775.91,904.25,987.93,1455.77,1075.08,958.49,913.19,783.64
2016-11-01,2744.51,906.71,990.1,1444.4,1040.07,957.63,917.15,757.35
2016-11-02,2712.55,902.84,985.16,1430.43,1011.12,952.48,913.15,756.68
2016-11-03,2698.83,900.84,982.37,1430.47,989.36,950.81,915.32,749.36
2016-11-04,2682.85,894.7,974.07,1427.47,997.89,944.2,907.71,746.59
2016-11-07,2759.01,898.6,975.93,1459.64,1017.28,949.81,908.78,766.72
2016-11-08,2767.3,905.04,979.03,1461.31,1001.85,951.11,909.37,770.54
2016-11-09,2760.12,904.64,950.87,1496.46,974.21,938.97,893.6,749.59
2016-11-10,2719.56,917.62,947.2,1527.85,939.76,957.61,894.78,694.67
2016-11-11,2761.1,905.9,942.38,1535.42,948.03,949.87,890.02,655.22
2016-11-14,2738.99,903.46,931.54,1559.91,978.49,945.77,883.17,657.94
2016-11-15,2779.71,900.16,934.26,1561.3,972.57,946.36,884.63,665.04
2016-11-16,2798.75,892.64,934.92,1549.97,974.06,943.03,885.98,681.03
2016-11-17,2827.89,895.3,938.73,1562.64,960.63,946.51,891.75,677.68
2016-11-18,2825.74,880.89,934.61,1564.8,965.15,939.16,886.31,684.36
2016-11-21,2849.29,889.44,939.46,1571.95,962.11,945.27,891.23,699.47
2016-11-22,2856.96,900.89,938.67,1578.12,977.52,945.74,893.02,700.12
2016-11-23,2848.09,896.06,930.87,1581.58,975.27,939.18,886.76,687.12
2016-11-25,2858.53,903.74,947.69,1586.2,980.13,947.79,896.14,692.43
2016-11-28,2859.71,904.68,947.92,1570.8,980.77,946.54,895.53,699.0
2016-11-29,2860.27,900.16,949.76,1576.42,993.1,946.91,898.16,691.04
2016-11-30,2839.49,894.38,949.24,1582.12,979.84,945.18,891.62,697.72
2016-12-01,2735.43,901.6,945.1,1594.65,955.76,948.83,888.1,666.29
2016-12-02,2762.22,903.32,944.19,1588.67,972.9,946.24,885.3,670.31
2016-12-05,2792.41,913.4,944.5,1606.45,980.76,950.17,884.8,671.22
2016-12-06,2808.3,918.84,952.29,1619.11,990.4,957.04,888.14,676.57
2016-12-07,2871.9,937.09,961.97,1644.84,1014.77,966.52,894.8,680.35
2016-12-08,2879.89,944.86,967.04,1660.7,1020.56,967.48,897.59,677.64
2016-12-09,2876.58,938.27,969.32,1664.12,1019.01,965.52,903.42,684.85
2016-12-12,2854.1,941.32,970.5,1653.53,1025.58,966.41,905.39,683.37
2016-12-13,2889.46,939.03,982.55,1657.4,1021.8,972.51,914.59,693.28
2016-12-14,2881.16,933.99,981.81,1644.48,983.02,971.31,913.93,685.51
2016-12-15,2906.71,906.24,962.38,1651.23,972.51,952.49,894.76,673.72
2016-12-16,2875.96,905.5,965.79,1644.73,995.13,955.4,897.11,673.25
2016-12-19,2895.78,906.27,974.17,1649.69,1016.19,959.38,902.58,675.64
2016-12-20,2909.23,903.15,969.33,1664.04,1014.8,955.51,901.52,673.36
2016-12-21,2909.33,906.71,971.0,1658.02,993.84,958.46,901.87,679.32
2016-12-22,2911.26,906.35,971.36,1653.52,992.75,958.76,901.58,683.84
2016-12-23,2922.05,904.55,970.98,1655.3,996.41,959.92,900.79,690.33
2016-12-27,2942.48,902.48,969.21,1657.16,1001.65,956.53,899.96,689.24
2016-12-28,2906.42,912.73,965.76,1642.53,996.23,956.7,899.63,700.35
2016-12-29,2902.06,920.73,969.68,1638.68,1010.19,958.35,903.93,714.95
2016-12-30,2868.7,920.97,974.17,1642.46,1022.56,961.08,906.91,711.79
2017-01-03,2892.39,921.33,966.21,1656.38,1023.24,956.45,899.06,717.43
2017-01-04,2902.2,934.57,978.59,1675.12,1036.6,969.39,908.78,721.49
2017-01-05,2908.15,951.19,990.98,1665.73,1048.28,981.74,922.07,725.65
2017-01-06,2930.18,940.43,985.56,1669.64,1046.16,977.97,918.42,718.8
2017-01-09,2948.25,938.29,985.99,1656.45,1042.23,975.05,916.85,720.3
2017-01-10,2959.93,949.53,990.12,1660.3,1021.89,979.82,920.38,723.7
2017-01-11,2974.52,954.44,986.31,1665.56,1024.8,975.58,912.47,716.73
2017-01-12,2961.78,968.34,1000.8,1657.66,1032.71,989.16,920.59,746.24
2017-01-13,2979.19,971.06,999.5,1664.78,1031.89,990.13,925.75,740.21
2017-01-17,2958.49,972.71,994.63,1640.28,1043.41,987.21,924.16,742.83
2017-01-18,2981.64,978.22,998.46,1649.05,1041.28,989.22,921.71,736.38
2017-01-19,2974.81,971.48,993.29,1636.62,1023.15,981.58,914.47,737.06
2017-01-20,3002.44,976.52,996.53,1645.97,1030.31,988.84,915.23,745.7
2017-01-23,2997.79,984.77,1002.45,1642.31,1040.25,994.18,918.13,757.43
2017-01-24,3045.82,998.31,1001.32,1659.82,1041.19,998.34,916.91,757.87
2017-01-25,3086.89,1007.33,1010.32,1678.72,1032.96,1008.7,919.52,759.0
2017-01-26,3064.88,1004.06,1008.13,1681.85,1025.61,1007.62,916.43,759.83
2017-01-27,3098.65,1004.92,1007.85,1673.32,1018.69,1007.22,920.76,761.79
2017-01-30,3082.71,997.31,1005.45,1661.44,1021.59,1001.98,919.05,753.02
2017-01-31,3069.02,997.13,1004.69,1656.1,1025.43,1003.2,919.99,754.82
2017-02-01,3082.02,1003.04,1002.83,1652.7,1011.96,1007.57,920.35,750.17
2017-02-02,3093.87,1008.12,1004.65,1650.79,1027.93,1008.11,920.55,763.63
2017-02-03,3113.67,998.2,1010.27,1679.15,1031.64,1009.26,920.71,777.75
2017-02-06,3114.2,993.57,1006.34,1671.47,1034.8,1004.27,913.75,769.06
2017-02-07,3131.82,998.42,1001.59,1668.89,1032.38,1004.98,912.69,766.3
2017-02-08,3130.17,1000.17,1009.86,1662.55,1038.97,1011.0,919.78,773.34
2017-02-09,3130.39,994.6,1002.2,1681.02,1028.58,1004.12,916.91,771.83
2017-02-10,3125.24,1009.25,1005.03,1687.79,1035.4,1011.3,924.01,780.16
